,MRPS,Evaluations,MRPS std, Evaluations std
10,368,4090.24,114.7100693,1265.065515
20,3430.4,77291.52,895.634211,18439.24053
