,MPRS,Evaluations,MRPS std,Evaluations std
10,230.4,2143.84,35.91991091302984,361.20931106492804
20,6290.28,102224.4571,1589.0696032841458,25523.33179095199