,MRPS,Evaluations,MRPS std,Evaluations std
10,159.2,1303.2,34.025872509018775,305.13073919223547
20,4736,69205.3,778.5936038781721,10984.146973201376
