,MRPS,Evaluations,MRPS std,Evaluations std
10,86.0,863.7599999999999,18.17690842800282,245.09682658084338
20,3136.0,89614.08,1084.984055182379,62107.00514816021
40,-,-,-,-
80,-,-,-,-
160,-,-,-,-
