,MRPS,Evaluations,MRPS std,Evaluations std
10,28.2,226.38000000000002,5.688585061331157,44.36191609928499
20,66.4,806.4,10.150862032359615,107.96369760248118
40,195.2,3461.7599999999998,18.65904606350496,283.7023341461962
80,675.2,18013.439999999995,125.12777469450978,2846.5271877148834
160,3174.4,123056.63999999998,639.487795035996,22078.857839444507
